id,name,query,category,summary,why,desc,tags,price,hours,duration,bestTime,address,lng,lat,zoom,cover,region,nameEn,tagline
__city__,成都,,,坐标为 WGS-84（由 scripts/geocode.py 经 OpenStreetMap Nominatim 查得）；显示高德底图时由前端实时转成 GCJ-02。营业时间、票价一类信息会变，出门前请再确认。,,,,,,,,,104.063299,30.659841,12,🐼,四川,Chengdu,火锅、茶馆，和一整天不着急的理由
cd-sight-001,宽窄巷子,宽窄巷子 成都,sight,清代兵丁胡同改成的三条老巷,第一次来成都绕不开的地方。早上八点前几乎没人，青砖墙的光也最好，比白天挤进去舒服得多。,宽巷子、窄巷子、井巷子三条平行的老街，青砖院墙和茶馆挨着排。商业化程度很高，但建筑本身是真的老。,"老街,人多,适合拍照",,,1.5h,清晨或傍晚,青羊区金河路口,,,,,,,
cd-sight-002,锦里古街,锦里 成都,sight,挨着武侯祠的仿古商业街,和武侯祠连着逛最省事。晚上红灯笼亮起来比白天好看，白天基本是人挤人。,三国主题的仿古街，小吃、手作、盖碗茶都有。建筑是新的，气氛做得足。,"夜景,小吃,免费",,,1h,晚上,武侯区武侯祠大街,,,,,,,
cd-sight-003,武侯祠,武侯祠 成都,sight,中国唯一的君臣合祀祠庙,刘备和诸葛亮埋在一处，三国迷来了会站很久。红墙夹道那段是全成都最好拍的一条路。,始建于蜀汉，现存建筑多为清代重建。惠陵、汉昭烈庙、武侯祠三部分连在一起，西侧就是锦里。,"三国,需购票,红墙",,,1.5h,,武侯区武侯祠大街 231 号,,,,,,,
cd-sight-004,杜甫草堂,杜甫草堂 成都,sight,杜甫流寓成都时的居所旧址,全国最完整的杜甫行迹遗址。竹林和水系很舒服，是市区里难得能安静走一小时的地方。,杜甫在成都住了近四年，写下二百多首诗。现在的园子是历代重修的，茅屋故居按诗中描述复原。,"园林,需购票,安静",,,1.5h,,青羊区青华路 37 号,,,,,,,
cd-sight-005,青羊宫,青羊宫 成都,sight,川西第一道观,香火气和市井气掺在一起，旁边就是文化公园，本地老人下棋喝茶的地方。,始建于周代，现存建筑为清代。八卦亭和三清殿是看点，殿前那对铜羊常被摸得发亮。,"道观,清静",,,1h,,青羊区一环路西二段 9 号,,,,,,,
cd-sight-006,成都大熊猫繁育研究基地,成都大熊猫繁育研究基地,sight,看熊猫最靠谱的地方,熊猫早上活跃，九点以后基本就睡了。想看动的熊猫必须早去，这点没有捷径。,在市区北郊，园区很大，建议先坐观光车到最里面的月亮产房再一路走回来。,"熊猫,需购票,越早越好",,,3h,开园就去,成华区熊猫大道 1375 号,,,,,,,
cd-sight-007,东郊记忆,东郊记忆 成都,sight,老电子厂房改的文创园区,红砖厂房配大烟囱，和成都别处完全不是一个画风。晚上有演出和展，随便逛也不亏。,前身是国营红光电子管厂，苏式厂房保留得很完整，现在是展览、livehouse、咖啡店混在一起的园区。,"工业风,免费,适合拍照",,,2h,下午到晚上,成华区建设南支路 4 号,,,,,,,
cd-museum-001,四川博物院,四川博物院,museum,四川馆藏最全的博物馆,张大千的画和巴蜀青铜是招牌。免费，就在杜甫草堂对面，两个可以连着看。,常设展包括巴蜀青铜、汉代陶石、藏传佛教文物、张大千书画等。周一闭馆。,"免费,周一闭馆",,,2h,,青羊区浣花南路 251 号,,,,,,,
cd-museum-002,成都博物馆,成都博物馆,museum,讲这座城市本身的博物馆,想知道成都为什么是今天这个样子，来这里比去任何景点都快。皮影戏专题是意外之喜。,就在天府广场西侧，从古蜀讲到近代，动线清楚。免费但要预约，周一闭馆。,"免费,需预约,周一闭馆",,,2.5h,,青羊区小河街 1 号,,,,,,,
cd-museum-003,金沙遗址博物馆,金沙遗址博物馆 成都,museum,太阳神鸟出土的地方,三千年前的古蜀国就埋在市区这块地底下。太阳神鸟金饰本尊就在这儿，比图片小得多也精致得多。,2001 年施工时偶然发现的商周遗址。遗迹馆保留了发掘现场，陈列馆放出土文物。,"考古现场,需购票",,,2.5h,,青羊区金沙遗址路 2 号,,,,,,,
cd-museum-004,永陵博物馆,永陵博物馆 成都,museum,地面上的皇帝墓，能走进去,前蜀皇帝王建的陵墓，棺床上那圈二十四伎乐石刻是唐代音乐最直接的实物证据。人少，安静。,中国唯一一座建在地面上的帝陵。墓室可以走进去看，规模不大但很值。,"冷门,需购票,人少",,,1h,,金牛区永陵路 10 号,,,,,,,
cd-park-001,人民公园,人民公园 成都 青羊区,park,成都人过日子的样子都在这儿,喝茶、下棋、相亲角、唱歌的，全在一个园子里。不消费也能坐一下午，没人赶你。,1911 年建的少城公园，是成都第一个公园。园内有鹤鸣茶社、辛亥秋保路死事纪念碑、人工湖。,"免费,本地人多,可久坐",,,1.5h,,青羊区少城路 12 号,,,,,,,
cd-park-002,浣花溪公园,浣花溪公园 成都,park,紧挨杜甫草堂的开放式公园,本地人遛弯的地方，游客很少。水多树多，沿着溪走一圈，比景区里松弛。,和杜甫草堂连成一片，有诗歌大道和万树山。完全免费，早晚都很热闹。,"免费,安静,适合散步",,,1h,,青羊区青华路,,,,,,,
cd-park-003,望江楼公园,望江楼公园 成都,park,薛涛的竹林和江边茶座,全国竹子品种最全的园子之一。江边那排竹椅茶座，坐着看锦江水慢慢走，是很成都的一件事。,为纪念唐代女诗人薛涛而建，园内崇丽阁临江而立。竹类品种一百多种。,"竹林,茶座,临江",,,1.5h,下午,武侯区望江路 30 号,,,,,,,
cd-cafe-001,鹤鸣茶社,鹤鸣茶社,cafe,人民公园里的百年露天茶馆,成都最不装的地方。几十块钱坐一下午，旁边全是本地老头在摆龙门阵，掏耳朵师傅的音叉声一直响。,1923 年就开在这里的老茶馆。竹椅、盖碗茶、自己端着找位置坐，续水随时喊师傅。,"露天,本地人多,可久坐",人均几十元,,2h,下午,青羊区少城路 12 号人民公园内,,,,,,,
cd-cafe-002,彭镇观音阁老茶馆,观音阁老茶馆 彭镇 双流,cafe,百年老虎灶，摄影师的朝圣地,土墙、老虎灶、被几十年脚步磨凹的地面。天没亮就有老人来喝头道茶，那个场景在成都别处已经看不到了。,在双流彭镇，离市区约 20 公里。建议一早去，光线和人都对。茶钱很便宜，拍照请先打招呼。,"老茶馆,摄影,要早起",人均十几元,,1.5h,清晨,双流区彭镇马市坝街,,,,,,,
cd-food-001,陈麻婆豆腐（东华门街店）,陈麻婆豆腐,food,麻婆豆腐的祖师铺,这道菜就是从这家传出去的。麻和辣的配比和外地吃到的完全两回事，值得专门来一趟。,清同治年间开的老号。除了麻婆豆腐，蚂蚁上树和夫妻肺片也都是川菜正统做法。,"老字号,川菜,适合两三人",,,1h,,青羊区东华门街 51 号,,,,,,,
cd-food-002,明婷饭店,明婷饭店 成都,food,藏在居民楼下的苍蝇馆子,脑花豆腐和蒜泥白肉是招牌。环境很一般，味道很硬，饭点永远要排队——这就是成都苍蝇馆子的标准长相。,开在老小区楼下的家常川菜馆，位置不好找，名气全靠口口相传。人多建议错峰。,"苍蝇馆子,要排队,重口",人均百元上下,,1h,,武侯区expo 附近（以地图为准）,,,,,,,
cd-food-003,玉林串串一条街,玉林生活广场 成都,food,串串香扎堆的居民区街道,玉林一带是串串的大本营，一条街上好几家都不踩雷。签子按根算，吃完数签子，这个流程本身就挺有意思。,玉林生活广场周边聚集了多家老牌串串店。晚上最热闹，露天摆桌，夏天尤其。,"串串,夜宵,人均不高",人均几十元,,1.5h,晚上,武侯区玉林路一带,,,,,,,
cd-food-004,洞子口张老二凉粉,洞子口张老二凉粉,food,文殊院街边的凉粉老铺,甜水面、伤心凉粉、肥肠粉都在一家解决。站着吃的小店，十几块钱吃饱，是成都小吃最日常的打开方式。,开在文殊院街上的老牌小吃店，常年排队。招牌是红油凉粉和甜水面，配肥肠粉正好。,"小吃,便宜,要排队",人均二十元上下,,0.5h,上午或下午,青羊区文殊院街 39 号,,,,,,,
cd-night-001,九眼桥酒吧一条街,九眼桥 成都,night,锦江边的通宵地带,成都夜生活的地标。桥下沿江一排酒吧，热闹到天亮。想安静喝一杯的话这里不合适，想看成都怎么嗨就来对了。,以九眼桥为中心的滨江路一带，兰桂坊、各类 livehouse 和清吧混在一起。打车方便。,"夜生活,热闹,通宵",,,,晚上十点后,锦江区滨江东路,,,,,,,
cd-shop-001,太古里 · 大慈寺,成都太古里,shop,低檐商业街包着一座唐代古寺,新旧贴在一起却不别扭，是成都城市气质最浓缩的一处。晚上亮灯后最好看，不买东西也值得穿过去。,开放式街区，川西民居的坡屋顶配国际品牌，中间围着唐代大慈寺。和春熙路连在一起。,"夜景,逛街,免费",,,2h,晚上,锦江区中纱帽街 8 号,,,,,,,
cd-shop-002,春熙路,春熙路 成都,shop,成都最老的商业步行街,IFS 楼顶那只爬墙熊猫是打卡点。和太古里挨着，两边可以一起逛。,1924 年开街，现在是商场、老字号和小吃混合的步行街区，一直热闹到很晚。,"步行街,人多,小吃",,,1.5h,,锦江区春熙路,,,,,,,
cd-station-001,成都东站,成都东站,station,高铁进出成都的主门户,地铁 2、7 号线直达，去都江堰、青城山、乐山的动车多在这里发。到市中心大约二十分钟地铁。,西南地区最大的铁路客运站之一，出站按指示牌走地铁通道，别从出租车口绕。,"高铁,地铁直达",,,,,成华区保和街道,,,,,,,
cd-airport-001,成都双流国际机场,成都双流国际机场,airport,离市区最近的机场,地铁 10 号线直接进城，比打车稳。注意成都有两个机场，天府机场在更远的简阳，别走错。,双流机场距市中心约 16 公里，地铁 10 号线换 3 号线可到市区。国内航班为主。,"机场,地铁10号线",,,,,双流区自由路,,,,,,,
cd-food-005,奎星楼街,奎星楼街 成都,food,宽窄巷子隔壁的小馆子一条街,逛完宽窄巷子走三分钟就到，价格和味道都比景区里诚实得多。冒椒火辣、马旺子这类店都在这条街上。,少城片区的一条小街，近年聚了很多川菜小馆和串串店，晚上最热闹。,"小馆子,本地人多,挨着宽窄巷子",人均几十元到百元,,1.5h,晚上,青羊区奎星楼街,,,,,,,
cd-airport-002,成都天府国际机场,成都天府国际机场,airport,成都第二座机场，在东边的简阳,离市区约 50 公里，比双流远得多。订票时务必看清是哪一个——两个机场之间开车要一个多小时。,2021 年启用，主要承担国际和部分国内航线。地铁 18 号线直达，到天府广场约一小时。,"机场,离市区远,地铁18号线",,,,,简阳市,,,,,,,
